<?xml version="1.0" encoding="UTF-8"?>
<project-private xmlns="http://www.netbeans.org/ns/project-private/1">
    <editor-bookmarks xmlns="http://www.netbeans.org/ns/editor-bookmarks/2" lastBookmarkId="0"/>
    <open-files xmlns="http://www.netbeans.org/ns/projectui-open-files/2">
        <group>
            <file>file:/C:/Users/srhad/OneDrive/Documentos/NetBeansProjects/TRABAJO/sesion-23-07-2023/sesion-23-07/src/Class/MyClass.java</file>
            <file>file:/C:/Users/srhad/OneDrive/Documentos/NetBeansProjects/TRABAJO/sesion-23-07-2023/sesion-23-07/src/Interface/Interface.java</file>
            <file>file:/C:/Users/srhad/OneDrive/Documentos/NetBeansProjects/TRABAJO/sesion-23-07-2023/sesion-23-07/src/View/View.java</file>
        </group>
    </open-files>
</project-private>
